Main Category,Sub Category
Agriculture & Farming,agriculture pumps
Agriculture & Farming,agro products
Agriculture & Farming,bio fertilizers
Agriculture & Farming,coir coco peat manufacturers
Agriculture & Farming,coir pith suppliers
Agriculture & Farming,goat farm
Agriculture & Farming,nursery gardens
Agriculture & Farming,organic fertilizers
Agriculture & Farming,poultry farms
Automobile Services,acting drivers
Automobile Services,alloy wheel dealers
Automobile Services,amaron car battery dealers
Automobile Services,auto drain valve manufacturers
Automobile Services,auto rickshaw dealers
Automobile Services,auto rickshaw services
Automobile Services,automobile spare parts
Automobile Services,automobile spare parts dealers
Automobile Services,automobile spare parts manufacturers
Automobile Services,automobile spring manufacturers
Automobile Services,beaded car seat cover dealers
Automobile Services,bike battery shop
Automobile Services,bike dealers
Automobile Services,bike driving school
Automobile Services,bike showroom
Automobile Services,bike spare parts
Automobile Services,bike workshop
Automobile Services,car ac dealers
Automobile Services,car ac repair and services
Automobile Services,car accessories
Automobile Services,car battery
Automobile Services,car battery repair & services
Automobile Services,car battery sales & services
Automobile Services,car coating services
Automobile Services,car decors
Automobile Services,car driving school
Automobile Services,car painting services
Automobile Services,car polishing services
Automobile Services,car repair and service
Automobile Services,car sales
Automobile Services,car seat cover manufacturers
Automobile Services,car seat cover shops
Automobile Services,car service
Automobile Services,car spare parts
Automobile Services,car towing service
Automobile Services,car tyre dealers
Automobile Services,car wash
Automobile Services,car wash equipment
Automobile Services,car wash equipment manufacturers
Automobile Services,car washer manufacturers
Automobile Services,car wheel alignment
Automobile Services,car workshops
Automobile Services,dc motor dealers
Automobile Services,dc motor manufacturers
Automobile Services,driving schools
Automobile Services,electric motor dealers
Automobile Services,electric motor manufacturers
Automobile Services,engine carbon cleaning
Automobile Services,four wheeler driving schools
Automobile Services,four wheeler finance
Automobile Services,four wheeler insurance agents
Automobile Services,four wheeler showrooms
Automobile Services,four wheeler spareparts
Automobile Services,four wheeler tracking system
Automobile Services,four wheeler workshop
Automobile Services,gps tracking system
Automobile Services,induction motor manufacturers
Automobile Services,ladies driving schools
Automobile Services,motor manufacturers
Automobile Services,seat covers manufacturers
Automobile Services,second hand bike dealers
Automobile Services,second hand car spare parts
Automobile Services,second hand cars
Automobile Services,second hand two wheeler spare parts
Automobile Services,second hand two wheelers
Automobile Services,single phase motor manufacturers
Automobile Services,solar batteries
Automobile Services,tractor dealers
Automobile Services,two wheeler accessories dealer
Automobile Services,two wheeler battery
Automobile Services,two wheeler dealer
Automobile Services,two wheeler driving school
Automobile Services,two wheeler finance
Automobile Services,two wheeler lift manufacturers
Automobile Services,two wheeler painting services
Automobile Services,two wheeler showrooms
Automobile Services,two wheeler spare parts
Automobile Services,two wheeler tracking system
Automobile Services,two wheeler workshop
Automobile Services,tyre retreading companies
Automobile Services,tyre shops and dealers
Automobile Services,tyres showroom
Automobile Services,ups battery repair & services
Automobile Services,ups battery sales & services
Automobile Services,used bike dealers
Automobile Services,used car spare parts
Automobile Services,used cars
Automobile Services,used two wheeler dealers
Automobile Services,used two wheeler spare parts
Automobile Services,used two wheelers
Automobile Services,vehicle tracking system
Automobile Services,wheel alignment and balancing
Baby & Kids Stores,baby care product dealers
Baby & Kids Stores,baby product manufacturers
Baby & Kids Stores,baby products suppliers
Baby & Kids Stores,baby shops
Baby & Kids Stores,child day care
Baby & Kids Stores,toys shop
Beauty Salons & Spa,bali spa
Beauty Salons & Spa,beauty parlours
Beauty Salons & Spa,beauty products
Beauty Salons & Spa,beauty spa
Beauty Salons & Spa,body massage centre
Beauty Salons & Spa,bridal makeup
Beauty Salons & Spa,cinema makeup artist
Beauty Salons & Spa,cosmetics product
Beauty Salons & Spa,hd makeup artist
Beauty Salons & Spa,ladies beauty parlour
Beauty Salons & Spa,make up artist
Beauty Salons & Spa,mehendi artists
Beauty Salons & Spa,mens beauty parlour
Beauty Salons & Spa,nail art
Beauty Salons & Spa,tattoo artists
Beauty Salons & Spa,tattoo centre
Beauty Salons & Spa,tattoo shops
Beauty Salons & Spa,unisex salon
Books & Stationery,book distributors
Books & Stationery,book shops
Books & Stationery,ca book shops
Books & Stationery,door to door stationery products suppliers
Books & Stationery,gifts shops
Books & Stationery,law book shops
Books & Stationery,old book shops
Books & Stationery,pencil art gifts
Books & Stationery,personalised gift shops
Books & Stationery,religious book dealers
Books & Stationery,religious book shops
Books & Stationery,stationery shops
Books & Stationery,used book shops
Builders & Contractors,acoustics solution
Builders & Contractors,acp elevation
Builders & Contractors,aluminium fabricators
Builders & Contractors,aluminium partition
Builders & Contractors,architects
Builders & Contractors,architecture firms
Builders & Contractors,automatic rolling shutter manufacturers
Builders & Contractors,borewell contractors
Builders & Contractors,borewell drillers
Builders & Contractors,borewell drilling services
Builders & Contractors,borewell repair services
Builders & Contractors,builders
Builders & Contractors,building construction
Builders & Contractors,building contractors
Builders & Contractors,building demolition contractors
Builders & Contractors,building promoters
Builders & Contractors,civil engineers
Builders & Contractors,civil lawyers
Builders & Contractors,commercial builders
Builders & Contractors,commercial plumbing contractors
Builders & Contractors,construction companies
Builders & Contractors,construction lift manufacturers
Builders & Contractors,consulting civil engineers
Builders & Contractors,ducting fabrication
Builders & Contractors,elevation architectural designers
Builders & Contractors,exhibition stall fabricators
Builders & Contractors,fabricators
Builders & Contractors,false ceiling
Builders & Contractors,false ceiling contractors in coimbatore
Builders & Contractors,fencing contractors
Builders & Contractors,floor polishing services
Builders & Contractors,gas pipeline
Builders & Contractors,glass partition
Builders & Contractors,grill gate manufacturers
Builders & Contractors,individual house builders
Builders & Contractors,industrial builders
Builders & Contractors,industrial painting contractors
Builders & Contractors,industrial plumbing contractors
Builders & Contractors,interior architects
Builders & Contractors,labour contractors
Builders & Contractors,land surveyors
Builders & Contractors,landscape contractor
Builders & Contractors,light duty ss fabricators
Builders & Contractors,motorized rolling shutter dealers
Builders & Contractors,motorized rolling shutter manufacturers
Builders & Contractors,office partition
Builders & Contractors,painting contractors
Builders & Contractors,plumbers
Builders & Contractors,plumbing contractors
Builders & Contractors,remote gates
Builders & Contractors,rolling shutter
Builders & Contractors,rolling shutters dealers
Builders & Contractors,roofing contractors
Builders & Contractors,roofing fabricator
Builders & Contractors,roofing sheet fabrication services
Builders & Contractors,sheet metal fabrication companies
Builders & Contractors,solar fencing dealers
Builders & Contractors,stainless steel fabricators
Builders & Contractors,stall fabricators
Builders & Contractors,steel fabrication
Builders & Contractors,structural engineering consultant
Builders & Contractors,structural glazing
Builders & Contractors,surveyors
Builders & Contractors,swimming pool builders
Builders & Contractors,tile polishing services
Builders & Contractors,upvc partition manufacturers
Builders & Contractors,upvc ventilator
Builders & Contractors,wall structural painting
Builders & Contractors,waterproofing contractors
Builders & Contractors,waterproofing services
Building Materials,acp panel board manufacturers
Building Materials,acp sheet dealers
Building Materials,acp sheet suppliers
Building Materials,acp wall cladding
Building Materials,aluminium roofing sheet
Building Materials,aluminium sheet dealers
Building Materials,aluminium sheet suppliers
Building Materials,architectural glass
Building Materials,backlit board manufacturers
Building Materials,bathroom accessories
Building Materials,bathroom fittings
Building Materials,brick manufacturers
Building Materials,building material
Building Materials,cement dealers
Building Materials,ceramic tile dealers
Building Materials,ceramic tile manufacturers
Building Materials,chamber brick manufacturers
Building Materials,chamber bricks manufacturer
Building Materials,clay tiles
Building Materials,colour coated roofing sheets
Building Materials,commercial plywood dealers
Building Materials,concrete blocks manufacturers
Building Materials,copper vessels
Building Materials,door fitting dealers
Building Materials,door fittings
Building Materials,door lock dealers
Building Materials,door lock shops
Building Materials,door manufacturers
Building Materials,door shops
Building Materials,eco sand suppliers
Building Materials,fire bricks suppliers
Building Materials,flex board manufacturers
Building Materials,floor tiles dealers
Building Materials,flush door dealers
Building Materials,flush doors manufacturers
Building Materials,flush doors shops
Building Materials,fly ash bricks manufacturers
Building Materials,foundry sand suppliers
Building Materials,frp sheet manufacturers
Building Materials,glass door fittings dealers
Building Materials,glass painting
Building Materials,godrej door lock dealers
Building Materials,granite polishing services
Building Materials,granite showroom
Building Materials,hardware dealers
Building Materials,hardwares shops
Building Materials,hollow block manufacturers
Building Materials,hollow block suppliers
Building Materials,interlock bricks manufacturers
Building Materials,italian marble dealers
Building Materials,led display board dealers
Building Materials,led display board manufacturers
Building Materials,led video wall manufacturers
Building Materials,m sand suppliers
Building Materials,marble dealers
Building Materials,marble polishing services
Building Materials,marble statue
Building Materials,netlon screens
Building Materials,paint dealers
Building Materials,panel board manufacturers
Building Materials,panel board manufacturing companies
Building Materials,paver block dealers
Building Materials,paver block manufacturers
Building Materials,pcb board manufacturers
Building Materials,pipe dealers
Building Materials,plywood door dealers
Building Materials,plywoods dealers
Building Materials,precast compound wall manufacturers
Building Materials,pvc door dealers
Building Materials,pvc marble sheet dealers
Building Materials,pvc pipe dealers
Building Materials,pvc pipe manufacturers
Building Materials,readymade compound wall manufacturers
Building Materials,river sand suppliers
Building Materials,roofing tiles
Building Materials,sand dealers
Building Materials,sand suppliers
Building Materials,sanitaryware dealers
Building Materials,silica sand suppliers
Building Materials,state board english medium schools
Building Materials,state board schools
Building Materials,steel dealers
Building Materials,steel door dealers
Building Materials,steel manufacturers
Building Materials,steel rack manufacturers
Building Materials,steel table manufacturers
Building Materials,tile dealers and showrooms
Building Materials,tile manufacturers
Building Materials,tiles company
Building Materials,tiles dealers
Building Materials,tiles laying contractors
Building Materials,tiles shop
Building Materials,tiles showroom
Building Materials,tiles wholesale
Building Materials,timber dealer
Building Materials,timber merchants
Building Materials,upvc door manufacturers
Building Materials,upvc window dealers
Building Materials,upvc windows manufacturers
Building Materials,video door phone
Building Materials,vitrified tile dealers
Building Materials,wall clock shops
Building Materials,wall tile dealers
Building Materials,waterproof plywood dealers
Building Materials,wire cut bricks manufacturers
Building Materials,wooden door manufacturers
Business Services,abroad placement agency
Business Services,business centres
Business Services,business consultants
Business Services,business solutions
Business Services,canada immigration consultants
Business Services,career consultants
Business Services,commercial security services
Business Services,content writing
Business Services,custom clearance agents
Business Services,detective agency
Business Services,domestic placement agency
Business Services,driving license consultants
Business Services,education consultants
Business Services,employment agency
Business Services,facility management services
Business Services,factory law consultants
Business Services,forex trading consultants
Business Services,fssai consultants
Business Services,government approved valuers
Business Services,gst registration consultant
Business Services,gst return filing
Business Services,home based business oppurtunity
Business Services,hr consultancy
Business Services,iatf consultants
Business Services,immigration consultancy services
Business Services,immigration consultants
Business Services,iso 9000 consultants
Business Services,iso consultants
Business Services,job consultancy
Business Services,land valuers
Business Services,marketing agencies
Business Services,marketing agency
Business Services,placement services
Business Services,project centers
Business Services,provident fund consultants
Business Services,qas consultants
Business Services,security services
Business Services,trademark registration consultants
Business Services,vaastu consultant
Business Services,valuers
Business Services,vastu shastra consultants
Business Services,voice over services
Clothing & Fashion,apparels
Clothing & Fashion,blouse stitching shops
Clothing & Fashion,boutiques
Clothing & Fashion,bridal blouse designers
Clothing & Fashion,bridal blouse stitching
Clothing & Fashion,bridal blouse tailors
Clothing & Fashion,corporate apparels
Clothing & Fashion,corporate uniform manufacturers
Clothing & Fashion,costume designer
Clothing & Fashion,designer blouse tailors
Clothing & Fashion,embroidery designers
Clothing & Fashion,ethnic wear designers
Clothing & Fashion,fashion designers
Clothing & Fashion,fashion technology
Clothing & Fashion,foot wear
Clothing & Fashion,gents tailors
Clothing & Fashion,industrial uniform manufacturers
Clothing & Fashion,kids boutique
Clothing & Fashion,knitted readymade garment manufacturers
Clothing & Fashion,ladies designers
Clothing & Fashion,ladies innerwear
Clothing & Fashion,ladies tailors
Clothing & Fashion,ladies wear
Clothing & Fashion,mens boutique
Clothing & Fashion,mens garments
Clothing & Fashion,mens innerwear
Clothing & Fashion,mens tailors
Clothing & Fashion,mens wear
Clothing & Fashion,readymade garments manufacturers
Clothing & Fashion,readymade garments wholesalers
Clothing & Fashion,school uniform manufacturers
Clothing & Fashion,school uniforms stores
Clothing & Fashion,t-shirt printers
Clothing & Fashion,tailors
Clothing & Fashion,textile shops
Clothing & Fashion,textile showrooms
Clothing & Fashion,uniform manufacturers
Clothing & Fashion,wedding blouse designers
Clothing & Fashion,wedding gown tailors
Clothing & Fashion,womens apparel
Clothing & Fashion,womens boutique
Doctors & Healthcare,acupuncture clinics
Doctors & Healthcare,acupuncture treatment
Doctors & Healthcare,air ambulance service
Doctors & Healthcare,ambulance services
Doctors & Healthcare,asthma doctors
Doctors & Healthcare,ayurvedic body massage centres
Doctors & Healthcare,ayurvedic hospitals
Doctors & Healthcare,ayurvedic medical shops
Doctors & Healthcare,ayurvedic products
Doctors & Healthcare,blood banks
Doctors & Healthcare,blood test labs
Doctors & Healthcare,cancer hospitals
Doctors & Healthcare,cancer specialists
Doctors & Healthcare,cardiologists
Doctors & Healthcare,chemical laboratory
Doctors & Healthcare,child guidance clinic
Doctors & Healthcare,child specialists
Doctors & Healthcare,children hospitals
Doctors & Healthcare,clinical laboratory
Doctors & Healthcare,clinics
Doctors & Healthcare,cosmetologists
Doctors & Healthcare,counselling centres
Doctors & Healthcare,counselling doctors
Doctors & Healthcare,counselling psychologist
Doctors & Healthcare,covid test centres
Doctors & Healthcare,critical care ambulance services
Doctors & Healthcare,de addiction centres
Doctors & Healthcare,dental clinic
Doctors & Healthcare,dental hospitals
Doctors & Healthcare,dentists
Doctors & Healthcare,dermatologists
Doctors & Healthcare,diabetes hospitals
Doctors & Healthcare,diabetic centre
Doctors & Healthcare,diagnostic centre
Doctors & Healthcare,diagnostic equipment dealers
Doctors & Healthcare,dietician
Doctors & Healthcare,dry needling
Doctors & Healthcare,ent hospitals
Doctors & Healthcare,ent specialist
Doctors & Healthcare,eye hospitals
Doctors & Healthcare,fertility center
Doctors & Healthcare,food testing labs
Doctors & Healthcare,free ambulance service
Doctors & Healthcare,general surgeon
Doctors & Healthcare,gynaecologist
Doctors & Healthcare,gynaecology hospitals
Doctors & Healthcare,hair clinic
Doctors & Healthcare,hair transplant
Doctors & Healthcare,healthcare centres
Doctors & Healthcare,hearing aid center
Doctors & Healthcare,herbal sanitary napkin
Doctors & Healthcare,home care service
Doctors & Healthcare,home nurse
Doctors & Healthcare,home nursing services
Doctors & Healthcare,home visit physiotherapist
Doctors & Healthcare,homeopathy clinics
Doctors & Healthcare,homeopathy doctors
Doctors & Healthcare,homeopathy hospitals
Doctors & Healthcare,homeopathy medical shops
Doctors & Healthcare,homeopathy treatment
Doctors & Healthcare,hospital bed manufacturers
Doctors & Healthcare,hospital cot manufacturer
Doctors & Healthcare,hospital furniture manufacturer
Doctors & Healthcare,hospitals
Doctors & Healthcare,insulin plant
Doctors & Healthcare,kidney hospitals
Doctors & Healthcare,kidney specialists
Doctors & Healthcare,lab equipment dealers
Doctors & Healthcare,lab equipment manufacturers
Doctors & Healthcare,lab equipment suppliers
Doctors & Healthcare,medical laboratory
Doctors & Healthcare,medical shops
Doctors & Healthcare,mental hospitals
Doctors & Healthcare,multispeciality hospitals
Doctors & Healthcare,neurologist
Doctors & Healthcare,neurotherapy doctors
Doctors & Healthcare,nutrition centre
Doctors & Healthcare,nutritionist
Doctors & Healthcare,occupational therapists
Doctors & Healthcare,optical shops
Doctors & Healthcare,optical showrooms
Doctors & Healthcare,ortho hospitals
Doctors & Healthcare,orthopaedic doctors
Doctors & Healthcare,paediatricians
Doctors & Healthcare,patient care services
Doctors & Healthcare,pediatrician
Doctors & Healthcare,pet clinics
Doctors & Healthcare,physiotherapy
Doctors & Healthcare,psychiatric counselling
Doctors & Healthcare,psychiatrist
Doctors & Healthcare,psychologist
Doctors & Healthcare,rehabilitation centres
Doctors & Healthcare,sanitary napkin disposal machine
Doctors & Healthcare,sanitary napkin vending machine
Doctors & Healthcare,scan centre
Doctors & Healthcare,siddha clinics
Doctors & Healthcare,siemens hearing aid dealers
Doctors & Healthcare,siemens hearing aid repair & services
Doctors & Healthcare,skin clinic
Doctors & Healthcare,speech therapist
Doctors & Healthcare,speech therapy
Doctors & Healthcare,thyroid doctors
Doctors & Healthcare,thyroid lab test
Doctors & Healthcare,ventilator ambulance services
Doctors & Healthcare,veterinary hospitals
Doctors & Healthcare,water leakage treatment
Doctors & Healthcare,weight gain centres
Doctors & Healthcare,weight loss centre
Doctors & Healthcare,womens hospitals
Doctors & Healthcare,x ray centre
Electrical & Solar,ac gas filling
Electrical & Solar,ac installation
Electrical & Solar,battery manufacturers
Electrical & Solar,cable manufacturers
Electrical & Solar,electrical automation companies
Electrical & Solar,electrical companies
Electrical & Solar,electrical consultants
Electrical & Solar,electrical contractors
Electrical & Solar,electrical control panel manufacturers
Electrical & Solar,electrical goods
Electrical & Solar,electrical panel manufacturers
Electrical & Solar,electrical shops
Electrical & Solar,electrician
Electrical & Solar,generator dealers
Electrical & Solar,generator rental
Electrical & Solar,generator suppliers
Electrical & Solar,industrial electrical contractors
Electrical & Solar,inverter battery dealers
Electrical & Solar,inverter dealers
Electrical & Solar,led light dealers
Electrical & Solar,led light suppliers
Electrical & Solar,lighting shops
Electrical & Solar,solar geyser dealers
Electrical & Solar,solar geyser manufacturers
Electrical & Solar,solar geyser repair services
Electrical & Solar,solar light dealers
Electrical & Solar,solar panel manufacturers
Electrical & Solar,solar panel suppliers
Electrical & Solar,solar products
Electrical & Solar,solar street light dealers
Electrical & Solar,solar ups
Electrical & Solar,transformer manufacturers
Electrical & Solar,wiring harness
Electronics & Mobiles,ac dealers
Electronics & Mobiles,air conditioner showrooms
Electronics & Mobiles,air conditioner spare parts dealers
Electronics & Mobiles,audio system dealers
Electronics & Mobiles,barcode scanner
Electronics & Mobiles,biometric access control dealer
Electronics & Mobiles,biometric attendance system
Electronics & Mobiles,biometric attendance system dealers
Electronics & Mobiles,cctv camera
Electronics & Mobiles,cctv camera dealers
Electronics & Mobiles,cctv camera installation
Electronics & Mobiles,cctv camera manufacturers
Electronics & Mobiles,cctv camera service
Electronics & Mobiles,computer accessories
Electronics & Mobiles,computer centers
Electronics & Mobiles,computer chip level service
Electronics & Mobiles,computer sales
Electronics & Mobiles,computer shops
Electronics & Mobiles,computer showrooms
Electronics & Mobiles,digital camera dealers
Electronics & Mobiles,electrical weighing scale dealers
Electronics & Mobiles,electronic appliances
Electronics & Mobiles,home appliances
Electronics & Mobiles,home theatre systems
Electronics & Mobiles,laptop sales
Electronics & Mobiles,laptop sales and service
Electronics & Mobiles,light showrooms
Electronics & Mobiles,mini washing machine
Electronics & Mobiles,mobile accessories
Electronics & Mobiles,mobile phone dealers
Electronics & Mobiles,mobile repair shops
Electronics & Mobiles,mobile service
Electronics & Mobiles,mobile shops
Electronics & Mobiles,mobile showrooms
Electronics & Mobiles,mobile spare parts shops
Electronics & Mobiles,mobile stores
Electronics & Mobiles,portable washing machine
Electronics & Mobiles,printer dealers
Electronics & Mobiles,printer sales and services
Electronics & Mobiles,refrigerator dealers
Electronics & Mobiles,refrigerator manufacturers
Electronics & Mobiles,refrigerator repair and services
Electronics & Mobiles,second hand computers
Electronics & Mobiles,second hand laptops
Electronics & Mobiles,small washing machine
Electronics & Mobiles,television advertising
Electronics & Mobiles,ups manufacturers
Electronics & Mobiles,ups shops
Electronics & Mobiles,used computers
Electronics & Mobiles,used laptops
Electronics & Mobiles,washing machine dealers
Finance & Insurance,accounting outsourcing services
Finance & Insurance,accounting services
Finance & Insurance,auditors
Finance & Insurance,bookkeeping services
Finance & Insurance,business loan
Finance & Insurance,car insurance agents
Finance & Insurance,car loans
Finance & Insurance,chartered accountant
Finance & Insurance,chit fund companies
Finance & Insurance,financial advisor
Finance & Insurance,financial consultant
Finance & Insurance,financial services
Finance & Insurance,foreign currency exchange
Finance & Insurance,gst consultants
Finance & Insurance,health insurance
Finance & Insurance,home loans
Finance & Insurance,housing loan
Finance & Insurance,income tax consultants
Finance & Insurance,insurance agents
Finance & Insurance,insurance companies
Finance & Insurance,internal auditor
Finance & Insurance,life insurance
Finance & Insurance,loan services
Finance & Insurance,money transfer agencies
Finance & Insurance,money transfer services
Finance & Insurance,mortgage loan
Finance & Insurance,mutual funds
Finance & Insurance,nse share brokers
Finance & Insurance,personal loan
Finance & Insurance,private banks
Finance & Insurance,private finance
Finance & Insurance,private sector banks
Finance & Insurance,share market brokers
Finance & Insurance,share traders
Finance & Insurance,sme loan
Finance & Insurance,stock brokers
Finance & Insurance,tax consultant
Finance & Insurance,virtual cfo services
Finance & Insurance,wealth management
Furniture & Home Decor,cane furniture manufacturers
Furniture & Home Decor,car interior cleaning
Furniture & Home Decor,curtain dealers
Furniture & Home Decor,curtain shops
Furniture & Home Decor,flower pots
Furniture & Home Decor,furnishing stores
Furniture & Home Decor,furniture manufacturers
Furniture & Home Decor,furniture showrooms
Furniture & Home Decor,glass design
Furniture & Home Decor,home interior decorators
Furniture & Home Decor,home interior designers
Furniture & Home Decor,house painting
Furniture & Home Decor,interior decorators
Furniture & Home Decor,interior designers
Furniture & Home Decor,italian modular kitchen
Furniture & Home Decor,kitchen interiors
Furniture & Home Decor,mattress dealers
Furniture & Home Decor,mattress manufacturers
Furniture & Home Decor,mattress shops
Furniture & Home Decor,mattress showrooms
Furniture & Home Decor,modular kitchen
Furniture & Home Decor,modular kitchen accessories
Furniture & Home Decor,modular kitchen dealers
Furniture & Home Decor,modular kitchen manufacturers
Furniture & Home Decor,modular workstation
Furniture & Home Decor,office chair dealers
Furniture & Home Decor,office chair repair
Furniture & Home Decor,office chairs
Furniture & Home Decor,office furniture
Furniture & Home Decor,office furniture manufacturers
Furniture & Home Decor,office furniture shops
Furniture & Home Decor,office furniture showroom
Furniture & Home Decor,office interior designers
Furniture & Home Decor,painters
Furniture & Home Decor,painting artist
Furniture & Home Decor,revolving chair manufacturers
Furniture & Home Decor,revolving chairs
Furniture & Home Decor,second hand furniture shops
Furniture & Home Decor,shop interior designers
Furniture & Home Decor,sofa fabric dealers
Furniture & Home Decor,sofa manufacturer
Furniture & Home Decor,sofa material dealers
Furniture & Home Decor,sofa repair and service
Furniture & Home Decor,spring mattress manufacturers
Furniture & Home Decor,steel furniture manufacturers
Furniture & Home Decor,teak wood furniture manufacturers
Furniture & Home Decor,used furniture shops
Furniture & Home Decor,used office chairs
Furniture & Home Decor,wall painting
Furniture & Home Decor,wall paper dealers
Furniture & Home Decor,window blinds
Furniture & Home Decor,window curtains and blinds
Furniture & Home Decor,wood carving
Furniture & Home Decor,wooden cot
Furniture & Home Decor,wooden flooring
Furniture & Home Decor,wooden flooring dealers
Furniture & Home Decor,wooden furniture manufacturers
Grocery & Food Stores,beef stalls
Grocery & Food Stores,broiler chicken dealers
Grocery & Food Stores,broiler chicken farms
Grocery & Food Stores,broiler chicken retailers
Grocery & Food Stores,broiler chicken suppliers
Grocery & Food Stores,broiler chicken wholesalers
Grocery & Food Stores,chicken suppliers
Grocery & Food Stores,chicken wholesalers
Grocery & Food Stores,chocolate manufacturers
Grocery & Food Stores,chocolate shops
Grocery & Food Stores,cold storage services
Grocery & Food Stores,cooking oil distributors
Grocery & Food Stores,copper water bottle manufacturers
Grocery & Food Stores,country chicken suppliers
Grocery & Food Stores,country egg wholesalers
Grocery & Food Stores,dairy products
Grocery & Food Stores,departmental stores
Grocery & Food Stores,dry fruits shops
Grocery & Food Stores,edible oil manufacturers
Grocery & Food Stores,egg dealers
Grocery & Food Stores,egg shell powder manufacturers
Grocery & Food Stores,egg suppliers
Grocery & Food Stores,egg tray manufacturers
Grocery & Food Stores,egg wholesalers
Grocery & Food Stores,engine oil dealers
Grocery & Food Stores,flour mill
Grocery & Food Stores,flowers wholesalers
Grocery & Food Stores,fmcg manufacturing companies
Grocery & Food Stores,fmcg product distributors
Grocery & Food Stores,food and beverage
Grocery & Food Stores,food product companies
Grocery & Food Stores,food product manufacturers
Grocery & Food Stores,food products distributors
Grocery & Food Stores,fruit shops
Grocery & Food Stores,fruits and vegetables shops
Grocery & Food Stores,fruits wholesalers
Grocery & Food Stores,grocery shops
Grocery & Food Stores,halal chicken retailers
Grocery & Food Stores,home cooked food delivery
Grocery & Food Stores,homemade foods
Grocery & Food Stores,honey suppliers
Grocery & Food Stores,hot chocolate shops
Grocery & Food Stores,imported chocolate retailers
Grocery & Food Stores,instant water heater
Grocery & Food Stores,kerala food caterers
Grocery & Food Stores,lubricant oil dealers
Grocery & Food Stores,magnetic water conditioner
Grocery & Food Stores,marachekku oil manufacturers
Grocery & Food Stores,masala powder manufacturers
Grocery & Food Stores,mineral water suppliers
Grocery & Food Stores,mutton shops
Grocery & Food Stores,mutton wholesalers
Grocery & Food Stores,natural drinks
Grocery & Food Stores,oil stores
Grocery & Food Stores,online grocery
Grocery & Food Stores,organic honey dealers
Grocery & Food Stores,organic spices dealers
Grocery & Food Stores,organic stores
Grocery & Food Stores,original honey
Grocery & Food Stores,provision stores
Grocery & Food Stores,pure honey dealers
Grocery & Food Stores,pure honey manufacturers
Grocery & Food Stores,pure honey retailers
Grocery & Food Stores,rice distributors
Grocery & Food Stores,rice mix powders
Grocery & Food Stores,rock salt dealers
Grocery & Food Stores,rock salt retailers
Grocery & Food Stores,rust preventive oil
Grocery & Food Stores,solar water heater
Grocery & Food Stores,vegetable shops
Grocery & Food Stores,vegetable wholesalers
Grocery & Food Stores,water can suppliers
Grocery & Food Stores,water chiller repair and service
Grocery & Food Stores,water cooler manufacturers
Grocery & Food Stores,water level controller
Grocery & Food Stores,water softener
Grocery & Food Stores,water softener dealers
Grocery & Food Stores,water suppliers
Grocery & Food Stores,water tanks
Home Services,car cleaning service
Home Services,carpenters
Home Services,carpet cleaning services
Home Services,chicken feather cleaning machine
Home Services,chimney service
Home Services,cleaning products
Home Services,cleaning services
Home Services,dry cleaners
Home Services,dry cleaners for commercial
Home Services,gardening and landscaping services
Home Services,house cleaning services
Home Services,house maid services
Home Services,household cleaning product dealers
Home Services,housekeeping materials suppliers
Home Services,housekeeping product dealers
Home Services,housekeeping product suppliers
Home Services,housekeeping services
Home Services,laundry service
Home Services,laundry services for corporates
Home Services,mosquito net
Home Services,mosquito net manufacturers
Home Services,pest control
Home Services,residential cleaning services
Home Services,residential dry cleaners
Home Services,sofa cleaning services
Home Services,tile cleaning services
Home Services,toilet cleaning services
Home Services,water tank cleaning services
Hotels & Lodges,2 star hotels
Hotels & Lodges,3 star hotels
Hotels & Lodges,4 star hotels
Hotels & Lodges,5 star hotels
Hotels & Lodges,budget hotels
Hotels & Lodges,buffet hotels
Hotels & Lodges,dogs hostel
Hotels & Lodges,guest house
Hotels & Lodges,holiday homes
Hotels & Lodges,holiday resorts
Hotels & Lodges,hotel automation system
Hotels & Lodges,hotels
Hotels & Lodges,individual villas
Hotels & Lodges,ladies hostel
Hotels & Lodges,lodges
Hotels & Lodges,luxury villas
Hotels & Lodges,mansions
Hotels & Lodges,mens hostel
Hotels & Lodges,paying guest for female
Hotels & Lodges,paying guest for male
Hotels & Lodges,pg mens hostel
Hotels & Lodges,pg womens rooms
Hotels & Lodges,resorts
Hotels & Lodges,service apartments
Hotels & Lodges,star hotels
Hotels & Lodges,villas
Hotels & Lodges,wedding hotels
Hotels & Lodges,wedding resorts
Hotels & Lodges,womens hostel
Internet & Telecom,broadband services
Internet & Telecom,data card dealers
Internet & Telecom,data services
Internet & Telecom,dth services
Internet & Telecom,ftth internet service providers
Internet & Telecom,internet leased line providers
Internet & Telecom,internet service provider
Internet & Telecom,telecommunication services
Internet & Telecom,voip service providers
Internet & Telecom,wifi service providers
Internet & Telecom,wireless broadband service providers
Internet & Telecom,wireless service
IT & Digital Services,2d animation company
IT & Digital Services,3d animation companies
IT & Digital Services,accounting software
IT & Digital Services,animation companies
IT & Digital Services,animation studios
IT & Digital Services,attendance management system developers
IT & Digital Services,barcode printer dealers
IT & Digital Services,billing software
IT & Digital Services,billing software dealers
IT & Digital Services,bpo companies
IT & Digital Services,browsing centre
IT & Digital Services,bulk email provider
IT & Digital Services,bulk sms provider
IT & Digital Services,computer networking companies
IT & Digital Services,computer software shops
IT & Digital Services,crm development
IT & Digital Services,customized crm software
IT & Digital Services,cyber cafes
IT & Digital Services,cyber security companies
IT & Digital Services,digital marketing
IT & Digital Services,domain registration
IT & Digital Services,ecommerce website development
IT & Digital Services,electronic product development companies
IT & Digital Services,embedded development companies
IT & Digital Services,embedded product designers
IT & Digital Services,embeded projects
IT & Digital Services,erp development company
IT & Digital Services,erp service providers
IT & Digital Services,erp software companies
IT & Digital Services,erp software developers
IT & Digital Services,erp software development company
IT & Digital Services,erp software solution
IT & Digital Services,erp software vendors
IT & Digital Services,erp solution providers
IT & Digital Services,freight management software developers
IT & Digital Services,home automation companies
IT & Digital Services,home automation systems
IT & Digital Services,hr management software developers
IT & Digital Services,internet cafe
IT & Digital Services,inventory management software developers
IT & Digital Services,it companies
IT & Digital Services,it services
IT & Digital Services,laptop repair and services
IT & Digital Services,library management software developers
IT & Digital Services,logistics management software developers
IT & Digital Services,magento web development company
IT & Digital Services,manufacturing erp software companies
IT & Digital Services,material management system software developers
IT & Digital Services,mlm software company
IT & Digital Services,mobile app development
IT & Digital Services,mobile app development company
IT & Digital Services,networking companies
IT & Digital Services,payroll software providers
IT & Digital Services,pcb designers
IT & Digital Services,pharma management software developers
IT & Digital Services,pos billing software
IT & Digital Services,retail billing software
IT & Digital Services,robotics projects
IT & Digital Services,school management erp software developers
IT & Digital Services,school management software
IT & Digital Services,seo companies
IT & Digital Services,software developers
IT & Digital Services,software development
IT & Digital Services,tally software dealers
IT & Digital Services,transportation management software developers
IT & Digital Services,vapt companies
IT & Digital Services,web design
IT & Digital Services,web development
IT & Digital Services,web hosting
IT & Digital Services,wordpress web development company
Jewellery Shops,artificial jewellery shops
Jewellery Shops,diamond jewellery
Jewellery Shops,gold chains
Jewellery Shops,gold chains manufacturers
Jewellery Shops,gold factory
Jewellery Shops,gold jewellery
Jewellery Shops,gold jewellery manufacturer
Jewellery Shops,gold jewellery wholesalers
Jewellery Shops,gold loan
Jewellery Shops,imitation jewellery manufacturers
Jewellery Shops,imitation jewellery wholesalers
Jewellery Shops,jewellery shops
Jewellery Shops,platinum jewellery
Jewellery Shops,rental bridal jewellery
Jewellery Shops,silver shops
Jewellery Shops,wallet shops
Jewellery Shops,wrist watch dealers
Legal & Document Services,advocates
Legal & Document Services,attestation services
Legal & Document Services,company registration consultants
Legal & Document Services,criminal advocates
Legal & Document Services,digital signature certificate providers
Legal & Document Services,document writer
Legal & Document Services,driving licence agents
Legal & Document Services,e sevai maiyam
Legal & Document Services,immigration agents
Legal & Document Services,lawyers
Legal & Document Services,notary advocate
Legal & Document Services,pan card agents
Legal & Document Services,pan card office
Legal & Document Services,passport agents
Legal & Document Services,passport service
Legal & Document Services,post offices
Legal & Document Services,private limited company registration
Legal & Document Services,property lawyers
Legal & Document Services,rto agents
Legal & Document Services,visa processing agents
Legal & Document Services,visa services
Manufacturers & Industries,adjustable prop manufacturers
Manufacturers & Industries,agriculture equipment
Manufacturers & Industries,air compressor manufacturers
Manufacturers & Industries,air compressor rental
Manufacturers & Industries,air compressor service
Manufacturers & Industries,air compressors
Manufacturers & Industries,air dryer manufacturers
Manufacturers & Industries,aluminium die casting manufacturers
Manufacturers & Industries,aluminium ladder manufacturers
Manufacturers & Industries,aluminium manufacturers
Manufacturers & Industries,areca leaf plate machine manufacturers
Manufacturers & Industries,areca leaf plate manufacturers
Manufacturers & Industries,automatic rotary oven manufacturers
Manufacturers & Industries,automatic sealing machine
Manufacturers & Industries,automation system manufacturers
Manufacturers & Industries,bag manufacturers
Manufacturers & Industries,bakery equipment manufacturers
Manufacturers & Industries,bakery machine manufacturers
Manufacturers & Industries,bearing manufacturers
Manufacturers & Industries,bending machine manufacturers
Manufacturers & Industries,bi-pap machine rental
Manufacturers & Industries,billing machine dealers
Manufacturers & Industries,boiler manufacturers
Manufacturers & Industries,boom barrier manufacturers
Manufacturers & Industries,borewell compressor manufacturers
Manufacturers & Industries,borewell pumps
Manufacturers & Industries,bread manufacturers
Manufacturers & Industries,bread slicer machine
Manufacturers & Industries,bread slicing machine manufacturers
Manufacturers & Industries,brick making machine
Manufacturers & Industries,calibration services
Manufacturers & Industries,cap manufacturers
Manufacturers & Industries,capacitor manufacturers
Manufacturers & Industries,carbon thrust bearing manufacturers
Manufacturers & Industries,cash counting machines
Manufacturers & Industries,casting foundries
Manufacturers & Industries,casting manufacturers
Manufacturers & Industries,chair manufacturers
Manufacturers & Industries,chemical dealers
Manufacturers & Industries,chemical stores
Manufacturers & Industries,chemical suppliers
Manufacturers & Industries,chicken cutting machine manufacturers
Manufacturers & Industries,chiller manufacturers
Manufacturers & Industries,clamping elements
Manufacturers & Industries,cnc machine dealers
Manufacturers & Industries,cnc machine tool dealers
Manufacturers & Industries,cnc milling job works
Manufacturers & Industries,cnc plasma cutting machine manufacturers
Manufacturers & Industries,cnc tool holders manufacturers
Manufacturers & Industries,cnc turning job works
Manufacturers & Industries,coffee vending machine
Manufacturers & Industries,concrete block making machine manufacturers
Manufacturers & Industries,concrete mixer machine dealers
Manufacturers & Industries,concrete mixer machine manufacturers
Manufacturers & Industries,construction equipment manufacturers
Manufacturers & Industries,control panel manufacturers
Manufacturers & Industries,conveyor belt dealers
Manufacturers & Industries,cooling equipment
Manufacturers & Industries,cooling tower maintenance repair services
Manufacturers & Industries,cooling towers manufacturers
Manufacturers & Industries,copier machine dealers
Manufacturers & Industries,core cutting contractors
Manufacturers & Industries,corrugated box manufacturers
Manufacturers & Industries,cosmetic manufacturing company in coimbatore
Manufacturers & Industries,cotton yarn manufacturers
Manufacturers & Industries,cutting tool dealers
Manufacturers & Industries,cutting tools manufacturers
Manufacturers & Industries,diesel engine water pump dealers
Manufacturers & Industries,diesel water pump
Manufacturers & Industries,digital weighing machine dealers
Manufacturers & Industries,display rack manufacturers
Manufacturers & Industries,display stand manufacturers
Manufacturers & Industries,disposable products
Manufacturers & Industries,earth auger manufacturers
Manufacturers & Industries,earth moving equipment suppliers
Manufacturers & Industries,electrical equipment manufacturers
Manufacturers & Industries,electronic weighing machine manufacturers
Manufacturers & Industries,electronic weighing scale dealers
Manufacturers & Industries,electronic weighing scale manufacturers
Manufacturers & Industries,electroplating job works
Manufacturers & Industries,elgi air compressor dealers
Manufacturers & Industries,energy meters manufacturers
Manufacturers & Industries,exchanger manufacturers
Manufacturers & Industries,fabric manufacturers
Manufacturers & Industries,fibreglass manufacturers
Manufacturers & Industries,fish tank manufacturers
Manufacturers & Industries,fitness equipment
Manufacturers & Industries,flour mill machinery
Manufacturers & Industries,fly ash brick making machine manufacturers
Manufacturers & Industries,foam manufacturers
Manufacturers & Industries,foil sealing machine manufacturers
Manufacturers & Industries,food packing machine manufacturers
Manufacturers & Industries,food processing machine
Manufacturers & Industries,freezer box manufacturers
Manufacturers & Industries,freezer box service
Manufacturers & Industries,friction plate manufacturers
Manufacturers & Industries,garage equipment manufacturers
Manufacturers & Industries,garden tools
Manufacturers & Industries,gear box manufacturer
Manufacturers & Industries,ghee manufacturers
Manufacturers & Industries,grinder manufacturers
Manufacturers & Industries,grinder manufacturing companies
Manufacturers & Industries,gym equipments
Manufacturers & Industries,hand sanitizer dispenser manufacturer
Manufacturers & Industries,hand sanitizer manufacturers
Manufacturers & Industries,hand tools dealers
Manufacturers & Industries,hard chrome plating services
Manufacturers & Industries,heating equipment
Manufacturers & Industries,heavy fabrication companies
Manufacturers & Industries,helium gas cylinder
Manufacturers & Industries,hollow block machine manufacturers
Manufacturers & Industries,hospital equipment manufacturers
Manufacturers & Industries,hydraulic cylinder manufacturers
Manufacturers & Industries,hydraulic cylinder services
Manufacturers & Industries,hydraulic press machine manufacturers
Manufacturers & Industries,hydraulic tapping machine manufacturers
Manufacturers & Industries,industrial automation companies
Manufacturers & Industries,industrial automation manufacturers
Manufacturers & Industries,industrial belts
Manufacturers & Industries,industrial chiller manufacturers
Manufacturers & Industries,industrial flooring contractors
Manufacturers & Industries,industrial machine manufacturing
Manufacturers & Industries,industrial machine tools
Manufacturers & Industries,industrial paint distributors
Manufacturers & Industries,industrial pumps
Manufacturers & Industries,injection moulding machine dealers
Manufacturers & Industries,iron manufacture
Manufacturers & Industries,kitchen chimney manufacturers
Manufacturers & Industries,kitchen equipments
Manufacturers & Industries,kraft paper bag manufacturers
Manufacturers & Industries,laser cutting job work
Manufacturers & Industries,laser cutting machine dealers
Manufacturers & Industries,laser cutting machine manufacturers
Manufacturers & Industries,lathe job work
Manufacturers & Industries,lathe machine tools
Manufacturers & Industries,leather products manufacturers
Manufacturers & Industries,led bulb manufacturers
Manufacturers & Industries,led street light manufacturers
Manufacturers & Industries,led tube lights manufacturer
Manufacturers & Industries,machine manufacturers
Manufacturers & Industries,marachekku machine manufacturers
Manufacturers & Industries,medal manufacturers
Manufacturers & Industries,medical equipment dealers
Manufacturers & Industries,medical equipment suppliers
Manufacturers & Industries,medical equipments manufacturing
Manufacturers & Industries,metal platers
Manufacturers & Industries,milling machine dealers
Manufacturers & Industries,mixer grinder manufacturers
Manufacturers & Industries,mixie manufacturers
Manufacturers & Industries,momento manufacturers
Manufacturers & Industries,monoblock pump manufacturers
Manufacturers & Industries,motor pumps
Manufacturers & Industries,multistage pump manufacturers
Manufacturers & Industries,napkin vending machine
Manufacturers & Industries,nickel plating
Manufacturers & Industries,non woven bag making machine dealers
Manufacturers & Industries,non woven bags machine manufacturers
Manufacturers & Industries,non woven bags manufacturers
Manufacturers & Industries,office table manufacturers
Manufacturers & Industries,openwell submersible pump manufacturers
Manufacturers & Industries,organic products manufacturers
Manufacturers & Industries,packaging companies
Manufacturers & Industries,packaging industries
Manufacturers & Industries,packaging material dealers
Manufacturers & Industries,packaging materials manufacturers
Manufacturers & Industries,packaging materials suppliers
Manufacturers & Industries,packing machine
Manufacturers & Industries,packing machine manufacturers
Manufacturers & Industries,paper bag making machine manufacturers
Manufacturers & Industries,paper bag manufacturers
Manufacturers & Industries,paper cover manufacturers
Manufacturers & Industries,paper cup machine manufacturers
Manufacturers & Industries,paper cup machine suppliers
Manufacturers & Industries,paper plate making machine manufacturers
Manufacturers & Industries,paper plate manufacturers
Manufacturers & Industries,paper product machinery manufacturers
Manufacturers & Industries,pavers block making machine
Manufacturers & Industries,pharmaceutical weighing machine dealers
Manufacturers & Industries,plasma cutting machine manufacturers
Manufacturers & Industries,plastic chair manufacturers
Manufacturers & Industries,plastic egg tray manufacturers
Manufacturers & Industries,plastic injection moulding machine manufacturers
Manufacturers & Industries,plastic product manufacturers
Manufacturers & Industries,plastic raw material dealers
Manufacturers & Industries,plc control panel manufacturers
Manufacturers & Industries,pouch packing machine manufacturers
Manufacturers & Industries,powder coating
Manufacturers & Industries,powder coating services
Manufacturers & Industries,power loom machine
Manufacturers & Industries,power tool dealers
Manufacturers & Industries,power tools manufacturers
Manufacturers & Industries,power tools shops
Manufacturers & Industries,power tools suppliers
Manufacturers & Industries,power tools wholesale dealers
Manufacturers & Industries,precision components manufacturers
Manufacturers & Industries,press tool die manufacturers
Manufacturers & Industries,pressure booster pump manufacturers
Manufacturers & Industries,puffs sheeter machine manufacturers
Manufacturers & Industries,pump casting
Manufacturers & Industries,pump manufacturer
Manufacturers & Industries,pump spare parts manufacturers
Manufacturers & Industries,pvc cooling tower fills
Manufacturers & Industries,rack manufacturers
Manufacturers & Industries,readymix concrete manufacturer
Manufacturers & Industries,rivet machine manufacturers
Manufacturers & Industries,rubber beading dealers
Manufacturers & Industries,rubber beading suppliers
Manufacturers & Industries,rubber mat dealers
Manufacturers & Industries,rubber mat manufacturers
Manufacturers & Industries,rubber mould manufacturers
Manufacturers & Industries,rubber product manufacturers
Manufacturers & Industries,safety valve manufacturers
Manufacturers & Industries,sandblasting
Manufacturers & Industries,self priming monoblock pump manufacturers
Manufacturers & Industries,servo stabilizer manufacturers
Manufacturers & Industries,sewing machine dealers
Manufacturers & Industries,shield manufacturers
Manufacturers & Industries,shrink tunnel manufacturers
Manufacturers & Industries,silicon rubber manufacturers
Manufacturers & Industries,silicone rubber suppliers
Manufacturers & Industries,silpaulin tarpaulin
Manufacturers & Industries,soap manufacturers
Manufacturers & Industries,soda vending machine manufacturers
Manufacturers & Industries,solar pumps
Manufacturers & Industries,solid block making machine
Manufacturers & Industries,special purpose machine manufacturers
Manufacturers & Industries,spinning machine repair & services
Manufacturers & Industries,spinning machine spare parts dealers
Manufacturers & Industries,spinning machine spare parts manufacturers
Manufacturers & Industries,spiral mixer manufacturers
Manufacturers & Industries,sports equipment shop
Manufacturers & Industries,spring manufacturers
Manufacturers & Industries,stabilizer manufacturers
Manufacturers & Industries,stabilizer manufacturing companies
Manufacturers & Industries,stainless steel casting manufacturers
Manufacturers & Industries,stainless steel dining table manufacturers
Manufacturers & Industries,stainless steel purifier
Manufacturers & Industries,stainless steel water bottle
Manufacturers & Industries,stainless steel water dispenser manufacturers
Manufacturers & Industries,stall fabrication companies
Manufacturers & Industries,submersible pump control panel manufacturers
Manufacturers & Industries,submersible pump manufacturers
Manufacturers & Industries,submersible pumps
Manufacturers & Industries,surgical equipment dealers
Manufacturers & Industries,swiping machine dealers
Manufacturers & Industries,syringe pumps manufacturers
Manufacturers & Industries,tarpaulin dealers
Manufacturers & Industries,tarpaulin manufacturers
Manufacturers & Industries,tarpaulin shops
Manufacturers & Industries,tarpaulin suppliers
Manufacturers & Industries,teak wood cot manufacturers
Manufacturers & Industries,temperature controller manufacturers
Manufacturers & Industries,tensile manufacturers
Manufacturers & Industries,tent manufacturer
Manufacturers & Industries,textile machinery spare part dealers
Manufacturers & Industries,textile machinery spare part manufacturers
Manufacturers & Industries,tools shop
Manufacturers & Industries,trophy manufacturers
Manufacturers & Industries,turmeric powder manufacturers
Manufacturers & Industries,umbrella manufacturers
Manufacturers & Industries,vacuum pump manufacturers
Manufacturers & Industries,vegetable cutting machine manufacturers
Manufacturers & Industries,visitor chair manufacturers
Manufacturers & Industries,voltage stabilizer manufacturers
Manufacturers & Industries,water pump manufacturers
Manufacturers & Industries,water pumps
Manufacturers & Industries,weaving machine manufacturer
Manufacturers & Industries,weigh bridge manufacturers
Manufacturers & Industries,weighing machine dealers
Manufacturers & Industries,weighing scale
Manufacturers & Industries,weighing scale dealers
Manufacturers & Industries,wet grinder
Manufacturers & Industries,wet grinder dealers
Manufacturers & Industries,wet grinder manufacturers
Manufacturers & Industries,wind turbine manufacturers
Manufacturers & Industries,windmill spare part manufacturers
Manufacturers & Industries,wire cutting machine
Manufacturers & Industries,wire manufacturers
Manufacturers & Industries,wooden box manufacturers
Manufacturers & Industries,wooden packaging box manufacturers
Manufacturers & Industries,wooden pallet manufacturers
Manufacturers & Industries,xerox machine dealers
Manufacturers & Industries,xerox machine wholesale
Manufacturers & Industries,zinc plating
NGOs & Social Services,charity organisations
NGOs & Social Services,emergency help line numbers
NGOs & Social Services,ngo
NGOs & Social Services,old age home
NGOs & Social Services,orphanages
Packers & Movers,door to door parcel service
Packers & Movers,freight forwarders
Packers & Movers,global shipping services
Packers & Movers,packers and movers
Packers & Movers,parcel services
Packers & Movers,warehouse
Personal Services,electric crematorium
Personal Services,matrimonial services
Pet & Veterinary Services,aquariums
Pet & Veterinary Services,pet care
Pet & Veterinary Services,pet shop for bird
Pet & Veterinary Services,pet shops
Pet & Veterinary Services,veterinary clinics
Pet & Veterinary Services,veterinary medical shops
Photography & Video,ad film makers
Photography & Video,candid wedding photographers
Photography & Video,corporate photography
Photography & Video,digital photographer
Photography & Video,model photographers
Photography & Video,pencil artist
Photography & Video,photo centers
Photography & Video,photo editing services
Photography & Video,photo editors
Photography & Video,photo frame dealers
Photography & Video,photo frame manufacturers
Photography & Video,photo frames shops
Photography & Video,photo gallery
Photography & Video,photo studio
Photography & Video,photographers
Photography & Video,portfolio photographers
Photography & Video,portrait drawing
Photography & Video,product photographers
Photography & Video,professional photographers
Photography & Video,video editing companies
Photography & Video,videographers
Photography & Video,wedding photographers
Photography & Video,wildlife photography
Photography & Video,wooden photo frame dealers
Printing & Advertising,acrylic sign board manufacturers
Printing & Advertising,advertising agencies
Printing & Advertising,balloon advertising
Printing & Advertising,book publishers
Printing & Advertising,branding agency
Printing & Advertising,branding companies
Printing & Advertising,brochure designing
Printing & Advertising,brochure printing
Printing & Advertising,bus advertising
Printing & Advertising,business card printing
Printing & Advertising,cap advertising companies
Printing & Advertising,crystal sign board dealers
Printing & Advertising,digital printing
Printing & Advertising,dtp centre
Printing & Advertising,flex design
Printing & Advertising,flex printing
Printing & Advertising,fm advertising
Printing & Advertising,glass stickers
Printing & Advertising,glow sign board manufacturers
Printing & Advertising,graphic designing
Printing & Advertising,hologram stickers
Printing & Advertising,indoor advertising agencies
Printing & Advertising,journal publications
Printing & Advertising,led sign board manufacturers
Printing & Advertising,local channel advertising
Printing & Advertising,logo designing
Printing & Advertising,multi color printing services
Printing & Advertising,name board designers
Printing & Advertising,name board makers
Printing & Advertising,name board manufacturers
Printing & Advertising,neon sign board manufacturers
Printing & Advertising,newspaper advertising
Printing & Advertising,newspaper offices
Printing & Advertising,offset printing press
Printing & Advertising,online advertising
Printing & Advertising,outdoor advertising
Printing & Advertising,packaging box printing
Printing & Advertising,paper advertisement agency
Printing & Advertising,printer services
Printing & Advertising,printing press
Printing & Advertising,radio advertising
Printing & Advertising,rubber stamp manufacturers
Printing & Advertising,sign board dealers
Printing & Advertising,sign board makers
Printing & Advertising,sign board manufacturer
Printing & Advertising,visiting card designers
Real Estate,apartments for sale
Real Estate,flats for sale
Real Estate,land for sale
Real Estate,land promoters
Real Estate,luxury flats for sale
Real Estate,office space for rent
Real Estate,plots for sale
Real Estate,property developers
Real Estate,property valuers
Real Estate,real estate agents
Real Estate,rental apartments
Religious Services,astrologers
Religious Services,computerised horoscope
Religious Services,nadi jothidam
Religious Services,numerologists
Religious Services,pandits
Rental Services,auto rickshaw on hire
Rental Services,camera rental
Rental Services,computer rentals
Rental Services,concrete breaker for rental
Rental Services,construction equipment for rent
Rental Services,drilling machine rental
Rental Services,dslr camera rent
Rental Services,freezer box for rent
Rental Services,hydraulic rock breakers rentals
Rental Services,jcb on hire
Rental Services,jcb rental
Rental Services,jumbo drilling machines rental
Rental Services,led screen rentals
Rental Services,oxygen concentrator rental
Rental Services,tractor for rent
Rental Services,treadmill for rent
Rental Services,truck rental agency
Repair Services,ac repair and service
Repair Services,cartridge refilling
Repair Services,computer printer repair services
Repair Services,computer repair and services
Repair Services,digital camera service center
Repair Services,fridge repair
Repair Services,fridge service centres
Repair Services,garden maintenance services
Repair Services,gas stove repair
Repair Services,grinder service
Repair Services,mobile service centres
Repair Services,printer cartridge refilling
Repair Services,toner refilling
Repair Services,tv repair led/lcd
Repair Services,washing machine service centre
Repair Services,watch service centres
Restaurants & Food,ac bars
Restaurants & Food,bakeries
Restaurants & Food,bakery products
Restaurants & Food,bars
Restaurants & Food,buffet restaurants
Restaurants & Food,cabin restaurants for couples
Restaurants & Food,cafe shops
Restaurants & Food,cake shops
Restaurants & Food,caterers
Restaurants & Food,catering services
Restaurants & Food,chat items
Restaurants & Food,chettinad restaurant
Restaurants & Food,chinese restaurant
Restaurants & Food,coffee shops
Restaurants & Food,corporate caterers
Restaurants & Food,dance bars
Restaurants & Food,drive in restaurant
Restaurants & Food,family restaurant
Restaurants & Food,fast foods
Restaurants & Food,food court
Restaurants & Food,homemade snacks suppliers
Restaurants & Food,ice cream parlours
Restaurants & Food,ice cream suppliers
Restaurants & Food,kerala restaurants
Restaurants & Food,mess
Restaurants & Food,multi cuisine restaurant
Restaurants & Food,night restaurants
Restaurants & Food,non veg restaurants
Restaurants & Food,non vegetarian caterers
Restaurants & Food,north indian restaurants
Restaurants & Food,open garden restaurants
Restaurants & Food,outdoor catering
Restaurants & Food,pizza shops
Restaurants & Food,punjabi restaurant
Restaurants & Food,restaurants
Restaurants & Food,robot restaurant
Restaurants & Food,rooftop restaurants
Restaurants & Food,seafood restaurant
Restaurants & Food,snacks wholesale distributors
Restaurants & Food,south indian restaurants
Restaurants & Food,sugar free sweets shops
Restaurants & Food,sweet shops
Restaurants & Food,sweets and snacks shops
Restaurants & Food,theme restaurant
Restaurants & Food,tiffin service
Restaurants & Food,veg restaurants
Restaurants & Food,vegetarian caterers
Schools & Colleges,aeronautical colleges
Schools & Colleges,airline management colleges
Schools & Colleges,architecture colleges
Schools & Colleges,arts & science college
Schools & Colleges,arts college
Schools & Colleges,autism schools
Schools & Colleges,aviation academy
Schools & Colleges,b schools
Schools & Colleges,b.ed colleges
Schools & Colleges,boarding schools
Schools & Colleges,catering colleges
Schools & Colleges,catering science & hotel management colleges
Schools & Colleges,cbse schools
Schools & Colleges,classical dance schools
Schools & Colleges,colleges
Schools & Colleges,defence academy
Schools & Colleges,dental colleges
Schools & Colleges,educational institutions
Schools & Colleges,engineering colleges
Schools & Colleges,english medium schools
Schools & Colleges,government colleges
Schools & Colleges,government english medium schools
Schools & Colleges,government law colleges
Schools & Colleges,hotel management colleges
Schools & Colleges,icse schools
Schools & Colleges,igcse schools
Schools & Colleges,international schools
Schools & Colleges,kids school
Schools & Colleges,kindergarten
Schools & Colleges,libraries
Schools & Colleges,marine colleges
Schools & Colleges,matriculation schools
Schools & Colleges,mba airline management colleges
Schools & Colleges,mba colleges
Schools & Colleges,medical colleges
Schools & Colleges,nursery schools
Schools & Colleges,nursing colleges
Schools & Colleges,physiotherapy colleges
Schools & Colleges,play school
Schools & Colleges,polytechnic colleges
Schools & Colleges,private colleges
Schools & Colleges,private schools
Schools & Colleges,public libraries
Schools & Colleges,public schools
Schools & Colleges,school and college furniture
Schools & Colleges,schools
Schools & Colleges,special school
Schools & Colleges,universities
Security Services,burglar alarm
Security Services,fire extinguisher dealers
Security Services,fire extinguishers manufacturers
Security Services,fire safety equipment suppliers
Security Services,safety lockers
Security Services,security alarm
Security Services,security guard services
Security Services,security systems
Shops & Retail Stores,ac spare parts dealers
Shops & Retail Stores,adidas showroom
Shops & Retail Stores,air bed dealers
Shops & Retail Stores,air dryer dealers
Shops & Retail Stores,aluminium ladder dealers
Shops & Retail Stores,antiques shops
Shops & Retail Stores,antivirus dealers
Shops & Retail Stores,art and craft shops
Shops & Retail Stores,artificial flower dealers
Shops & Retail Stores,artificial grass dealers
Shops & Retail Stores,artificial grass suppliers
Shops & Retail Stores,asics showroom
Shops & Retail Stores,bag shops
Shops & Retail Stores,bag showroom
Shops & Retail Stores,banian waste suppliers
Shops & Retail Stores,bath tubs dealers
Shops & Retail Stores,beauty parlour equipment wholesalers
Shops & Retail Stores,bed shops
Shops & Retail Stores,beeda suppliers
Shops & Retail Stores,belt shops
Shops & Retail Stores,blazer showroom
Shops & Retail Stores,blood pressure monitor dealers
Shops & Retail Stores,bolt nut dealers
Shops & Retail Stores,bolt nut suppliers
Shops & Retail Stores,bolt nut wholesale shops
Shops & Retail Stores,boom barrier suppliers
Shops & Retail Stores,chiller dealers
Shops & Retail Stores,chimney dealers
Shops & Retail Stores,chimney shops
Shops & Retail Stores,chimney showrooms
Shops & Retail Stores,christian book store
Shops & Retail Stores,clay pot dealers
Shops & Retail Stores,coco peat suppliers
Shops & Retail Stores,commodity trading
Shops & Retail Stores,cookies shops
Shops & Retail Stores,cordless phone dealers
Shops & Retail Stores,cotton yarn waste suppliers
Shops & Retail Stores,cpap and bipap mask suppliers
Shops & Retail Stores,crocs showroom
Shops & Retail Stores,digital camera shops
Shops & Retail Stores,dishwasher dealers
Shops & Retail Stores,duty paid shops
Shops & Retail Stores,electric chimney dealers
Shops & Retail Stores,electronic shops
Shops & Retail Stores,electronic showroom
Shops & Retail Stores,fabric shops
Shops & Retail Stores,fancy store
Shops & Retail Stores,floor mats dealers
Shops & Retail Stores,florists
Shops & Retail Stores,folding bed dealers
Shops & Retail Stores,gypsum plaster dealers
Shops & Retail Stores,hand dryer dealers
Shops & Retail Stores,handicraft exporters
Shops & Retail Stores,handicraft items dealers
Shops & Retail Stores,handicraft shops
Shops & Retail Stores,handicrafts manufacturers
Shops & Retail Stores,helmet shops
Shops & Retail Stores,insect screens dealers
Shops & Retail Stores,intercom system dealers
Shops & Retail Stores,laminate dealers
Shops & Retail Stores,lawn grass dealers
Shops & Retail Stores,leather bag dealers
Shops & Retail Stores,liberty showroom
Shops & Retail Stores,light shops
Shops & Retail Stores,manal suppliers
Shops & Retail Stores,mirror shops
Shops & Retail Stores,momento shops
Shops & Retail Stores,musical instruments shops
Shops & Retail Stores,nebulizer dealers
Shops & Retail Stores,nike showroom
Shops & Retail Stores,online shopping
Shops & Retail Stores,oxygen concentrator dealers
Shops & Retail Stores,packing materials dealers
Shops & Retail Stores,paint shops
Shops & Retail Stores,paper bag raw material suppliers
Shops & Retail Stores,paper bags suppliers
Shops & Retail Stores,paper cup dealers
Shops & Retail Stores,paper plate wholesale buyers
Shops & Retail Stores,patient monitoring system dealers
Shops & Retail Stores,photocopier dealers
Shops & Retail Stores,pork shops
Shops & Retail Stores,printer shops
Shops & Retail Stores,product display stand suppliers
Shops & Retail Stores,projector dealers
Shops & Retail Stores,projector shops
Shops & Retail Stores,puma showroom
Shops & Retail Stores,rain shower dealers
Shops & Retail Stores,raw cotton suppliers
Shops & Retail Stores,reebok showroom
Shops & Retail Stores,rock breaker dealers
Shops & Retail Stores,servo stabilizer dealers
Shops & Retail Stores,share trading
Shops & Retail Stores,shoes showroom
Shops & Retail Stores,shopping mall
Shops & Retail Stores,shower enclosures dealers
Shops & Retail Stores,smoke detector dealers
Shops & Retail Stores,soap dispenser dealers
Shops & Retail Stores,soda shops
Shops & Retail Stores,sound system dealers
Shops & Retail Stores,sports shops
Shops & Retail Stores,ss bolt nut dealers
Shops & Retail Stores,ss bolt nut suppliers
Shops & Retail Stores,surgical instruments dealers
Shops & Retail Stores,surgical instruments shops
Shops & Retail Stores,surgical instruments suppliers
Shops & Retail Stores,surgical stores
Shops & Retail Stores,tally dealers
Shops & Retail Stores,tea dealers and suppliers
Shops & Retail Stores,temperature controller dealers
Shops & Retail Stores,trolley bag dealers
Shops & Retail Stores,vacuum cleaner dealers
Shops & Retail Stores,veneer dealers
Shops & Retail Stores,venetian blind dealers
Shops & Retail Stores,vertical blinds dealers
Shops & Retail Stores,wallpaper shops
Shops & Retail Stores,watch showrooms
Shops & Retail Stores,wire netting dealers
Shops & Retail Stores,woodland showroom
Sports & Fitness,badminton classes
Sports & Fitness,chess classes
Sports & Fitness,fitness centre
Sports & Fitness,gym
Sports & Fitness,horse riding
Sports & Fitness,karate classes
Sports & Fitness,kickboxing classes
Sports & Fitness,kung fu classes
Sports & Fitness,ladies fitness centre
Sports & Fitness,martial arts classes
Sports & Fitness,meditation centers
Sports & Fitness,meditation classes
Sports & Fitness,mens fitness centre
Sports & Fitness,mens gym
Sports & Fitness,public parks
Sports & Fitness,silambam classes
Sports & Fitness,skating academy
Sports & Fitness,skating classes
Sports & Fitness,sports goods dealers
Sports & Fitness,sports goods shops
Sports & Fitness,swimming classes
Sports & Fitness,swimming pool accessories
Sports & Fitness,swimming pool contractors
Sports & Fitness,swimming pools
Sports & Fitness,treadmill dealers
Sports & Fitness,treadmill manufacturers
Sports & Fitness,treadmill service
Sports & Fitness,treadmill shops
Sports & Fitness,treadmill showroom
Sports & Fitness,yoga classes
Sports & Fitness,zumba classes
Training & Coaching,aari work class
Training & Coaching,abacus classes
Training & Coaching,abroad education
Training & Coaching,air hostess training
Training & Coaching,animation classes
Training & Coaching,animation courses
Training & Coaching,animation training institutes
Training & Coaching,arts and crafts classes
Training & Coaching,autocad training centre
Training & Coaching,aviation management training courses
Training & Coaching,bank exam coaching centre
Training & Coaching,beautician courses
Training & Coaching,bharatanatyam dance class
Training & Coaching,big data training
Training & Coaching,ca institutes
Training & Coaching,cabin crew training institutes
Training & Coaching,cad cam training centres
Training & Coaching,ccna training
Training & Coaching,classical dance classes
Training & Coaching,clinical research course
Training & Coaching,cma coaching classes
Training & Coaching,cnc training institute
Training & Coaching,competitive exams coaching centres
Training & Coaching,computer classes
Training & Coaching,computer coaching centres
Training & Coaching,computer courses
Training & Coaching,computer graphics institute
Training & Coaching,computer software training
Training & Coaching,computer training institutes
Training & Coaching,corporate training
Training & Coaching,counselling psychology course
Training & Coaching,cricket coaching classes
Training & Coaching,cs coaching classes
Training & Coaching,cyber security training
Training & Coaching,dance classes
Training & Coaching,designing courses
Training & Coaching,digital marketing course
Training & Coaching,distance education centres
Training & Coaching,dog training centres
Training & Coaching,drawing classes
Training & Coaching,embedded training
Training & Coaching,embroidery classes
Training & Coaching,english training
Training & Coaching,ethical hacking course
Training & Coaching,fashion designing courses
Training & Coaching,fashion designing institute
Training & Coaching,film institute
Training & Coaching,film institutes
Training & Coaching,foreign language courses
Training & Coaching,foundation coaching classes
Training & Coaching,gst coaching classes
Training & Coaching,gst course
Training & Coaching,gst practitioner course
Training & Coaching,gst training centres
Training & Coaching,gst training institutes
Training & Coaching,home tuition
Training & Coaching,hotel management course
Training & Coaching,hotel management institutes
Training & Coaching,hr training
Training & Coaching,ias coaching centre
Training & Coaching,ielts coaching
Training & Coaching,iit jam coaching centres
Training & Coaching,iit jee coaching centre
Training & Coaching,industrial automation training
Training & Coaching,inplant training
Training & Coaching,internship training
Training & Coaching,iot training
Training & Coaching,iso certification
Training & Coaching,iso training
Training & Coaching,java certification course training
Training & Coaching,java coaching classes
Training & Coaching,java training centers
Training & Coaching,java training institutes
Training & Coaching,job oriented courses
Training & Coaching,lean manufacturing training
Training & Coaching,logistic training
Training & Coaching,mba courses
Training & Coaching,medical coaching centres
Training & Coaching,medical coding courses
Training & Coaching,midbrain activation training centres
Training & Coaching,multimedia courses
Training & Coaching,music classes
Training & Coaching,neet coaching centres
Training & Coaching,oil painting classes
Training & Coaching,overseas education
Training & Coaching,overseas education consultants
Training & Coaching,painting classes
Training & Coaching,pet training centres
Training & Coaching,photography institute
Training & Coaching,placement training
Training & Coaching,railway exam coaching centre
Training & Coaching,robotics training
Training & Coaching,sap training
Training & Coaching,software training institutes
Training & Coaching,spoken english
Training & Coaching,sports coaching classes
Training & Coaching,ssc coaching centres
Training & Coaching,summer classes
Training & Coaching,tailoring classes
Training & Coaching,tally coaching centre
Training & Coaching,tally course
Training & Coaching,tally training institutes
Training & Coaching,teacher training institutes
Training & Coaching,textile designing courses
Training & Coaching,tnpsc coaching
Training & Coaching,toefl coaching classes
Training & Coaching,top nata coaching
Training & Coaching,tuition centre
Training & Coaching,tutorial centre
Training & Coaching,vfx course
Travel & Transport,air ticket booking agents
Travel & Transport,bus ticket booking
Travel & Transport,bus travels in coimbatore
Travel & Transport,cab rental
Travel & Transport,cab services
Travel & Transport,cabs
Travel & Transport,call taxi
Travel & Transport,call taxi booking
Travel & Transport,call taxi services
Travel & Transport,car rental
Travel & Transport,car rental for outstation
Travel & Transport,cargo services
Travel & Transport,courier services
Travel & Transport,crane service
Travel & Transport,domestic courier services
Travel & Transport,domestic tour operators
Travel & Transport,domestic travels
Travel & Transport,earth movers
Travel & Transport,group tour packages
Travel & Transport,holiday packages
Travel & Transport,honeymoon packages
Travel & Transport,international air cargo services
Travel & Transport,international cargo services
Travel & Transport,international courier
Travel & Transport,international holiday packages
Travel & Transport,international tour packages
Travel & Transport,logistics
Travel & Transport,luxury car rental
Travel & Transport,outstation cab service
Travel & Transport,outstation taxi service
Travel & Transport,self drive bikes
Travel & Transport,self drive car
Travel & Transport,taxi service
Travel & Transport,tempo traveller
Travel & Transport,tour operators
Travel & Transport,tour packages
Travel & Transport,tourist places
Travel & Transport,train ticket booking agents
Travel & Transport,transport agent
Travel & Transport,transporters
Travel & Transport,travel agency
Travel & Transport,travel bag shops
Travel & Transport,vehicle rentals
Travel & Transport,visa consultant
Water & Environmental Services,aquafresh water purifier
Water & Environmental Services,cotton waste buyers
Water & Environmental Services,napkin destroyer
Water & Environmental Services,ro plant
Water & Environmental Services,ro plant suppliers
Water & Environmental Services,ro water purifier
Water & Environmental Services,ro water purifier manufacturers
Water & Environmental Services,scrap dealers
Water & Environmental Services,soil testing lab
Water & Environmental Services,soil testing services
Water & Environmental Services,uv water purifier manufacturers
Water & Environmental Services,water purifier
Water & Environmental Services,water purifier sales and services
Water & Environmental Services,water treatment chemical dealers
Water & Environmental Services,water treatment chemical suppliers
Water & Environmental Services,water treatment plant
Wedding & Event Services,ac kalyana mandapam
Wedding & Event Services,ac marriage halls
Wedding & Event Services,balloon decorators
Wedding & Event Services,banquet halls
Wedding & Event Services,birthday party halls
Wedding & Event Services,clubs
Wedding & Event Services,event management
Wedding & Event Services,event organisers
Wedding & Event Services,flower decorators
Wedding & Event Services,function halls
Wedding & Event Services,gas balloon
Wedding & Event Services,helium balloons
Wedding & Event Services,kalyana mandapam
Wedding & Event Services,manavarai decoration
Wedding & Event Services,marriage brokers
Wedding & Event Services,marriage decorators
Wedding & Event Services,marriage halls
Wedding & Event Services,meeting halls
Wedding & Event Services,mini conference hall
Wedding & Event Services,mini party hall
Wedding & Event Services,music bands
Wedding & Event Services,night clubs
Wedding & Event Services,orchestra
Wedding & Event Services,party lawns
Wedding & Event Services,party supplies and decorators
Wedding & Event Services,sound service
Wedding & Event Services,sports club
Wedding & Event Services,stage decorators
Wedding & Event Services,stand up comedians
Wedding & Event Services,surprise planners
Wedding & Event Services,theatres
Wedding & Event Services,theme parks
Wedding & Event Services,thirumana mandapam
Wedding & Event Services,wedding backdrop decorators
Wedding & Event Services,wedding banquet halls
Wedding & Event Services,wedding card dealers
Wedding & Event Services,wedding card printing
Wedding & Event Services,wedding card shops
Wedding & Event Services,wedding cards
Wedding & Event Services,wedding cards showroom
Wedding & Event Services,wedding decorators
Wedding & Event Services,wedding halls
Wedding & Event Services,wedding music band
Wedding & Event Services,wedding planner
Wedding & Event Services,wedding reception halls
